関東,小春日和,さいたま市にある有名な温泉
関東,東京スカイツリー,スカイツリーのコメント
関東,東京タワー,東京タワーのコメント
関東,小春日和,さいたま市にある有名な温泉
関東,東京スカイツリー,スカイツリーのコメント
関東,東京タワー,東京タワーのコメント
関東,小春日和,さいたま市にある有名な温泉
関東,東京スカイツリー,スカイツリーのコメント
関東,東京タワー,東京タワーのコメント
関東,小春日和,さいたま市にある有名な温泉
関東,東京スカイツリー,スカイツリーのコメント
関東,東京タワー,東京タワーのコメント
関東,小春日和,さいたま市にある有名な温泉
関東,東京スカイツリー,スカイツリーのコメント
関東,東京タワー,東京タワーのコメント
関東,小春日和,さいたま市にある有名な温泉
関東,東京スカイツリー,スカイツリーのコメント
関東,東京タワー,東京タワーのコメント
関東,小春日和,さいたま市にある有名な温泉
関東,東京スカイツリー,スカイツリーのコメント
関東,東京タワー,東京タワーのコメント
関東,小春日和,さいたま市にある有名な温泉
関東,東京スカイツリー,スカイツリーのコメント
関東,東京タワー,東京タワーのコメント
関東,小春日和,さいたま市にある有名な温泉
関東,東京スカイツリー,スカイツリーのコメント
関東,東京タワー,東京タワーのコメント
関東,小春日和,さいたま市にある有名な温泉
関東,東京スカイツリー,スカイツリーのコメント
関東,東京タワー,東京タワーのコメント
関東,小春日和,さいたま市にある有名な温泉
関東,東京スカイツリー,スカイツリーのコメント
関東,東京タワー,東京タワーのコメント
関東,小春日和,さいたま市にある有名な温泉
関東,東京スカイツリー,スカイツリーのコメント
関東,東京タワー,東京タワーのコメント
関東,小春日和,さいたま市にある有名な温泉
関東,東京スカイツリー,スカイツリーのコメント
関東,東京タワー,東京タワーのコメント
関東,小春日和,さいたま市にある有名な温泉
関東,東京スカイツリー,スカイツリーのコメント
関東,東京タワー,東京タワーのコメント
関東,小春日和,さいたま市にある有名な温泉
関東,東京スカイツリー,スカイツリーのコメント
関東,東京タワー,東京タワーのコメント
関東,小春日和,さいたま市にある有名な温泉
関東,東京スカイツリー,スカイツリーのコメント
関東,東京タワー,東京タワーのコメント
